{"stat.useItem.minecraft.quartz_block":473,"stat.useItem.minecraft.painting":171,"stat.killEntity.EntityHorse":25,"stat.useItem.minecraft.stone":414,"stat.horseOneCm":512685,"stat.useItem.minecraft.repeater":34,"stat.useItem.minecraft.quartz_stairs":30,"stat.leaveGame":41,"stat.useItem.minecraft.beacon":3,"stat.useItem.minecraft.soul_sand":18,"stat.useItem.minecraft.diamond_sword":238,"stat.useItem.minecraft.potion":22,"stat.useItem.minecraft.glowstone":25,"stat.useItem.minecraft.packed_ice":166,"stat.useItem.minecraft.bedrock":13,"stat.jump":7336,"stat.swimOneCm":57448,"stat.fallOneCm":16044,"stat.climbOneCm":45080,"stat.useItem.minecraft.planks":58,"stat.crouchOneCm":210068,"stat.useItem.minecraft.redstone_torch":15,"stat.useItem.minecraft.dirt":276,"achievement.exploreAllBiomes":{"value":0,"progress":["Plains"]},"stat.useItem.minecraft.glass":201,"stat.useItem.minecraft.dispenser":15,"stat.damageTaken":3559,"stat.flyOneCm":11181778,"stat.damageDealt":25905,"stat.useItem.minecraft.wool":401,"stat.timeSinceDeath":90302,"stat.useItem.minecraft.fence_gate":1,"stat.killEntity.Cow":1,"stat.useItem.minecraft.sign":96,"stat.useItem.minecraft.spawn_egg":9,"stat.useItem.minecraft.command_block":34,"stat.walkOneCm":1942346,"stat.playerKills":45,"stat.useItem.minecraft.chest":5,"stat.useItem.minecraft.lever":8,"stat.useItem.minecraft.log":68,"stat.useItem.minecraft.comparator":17,"stat.useItem.minecraft.redstone":201,"stat.useItem.minecraft.item_frame":30,"stat.useItem.minecraft.yellow_flower":1,"stat.useItem.minecraft.spruce_stairs":65,"achievement.mineWood":3,"stat.useItem.minecraft.stained_hardened_clay":26,"stat.useItem.minecraft.leaves":23,"stat.sprintOneCm":900819,"stat.useItem.minecraft.diamond_block":87,"stat.useItem.minecraft.stained_glass":30,"stat.useItem.minecraft.tallgrass":1,"stat.useItem.minecraft.hay_block":54,"stat.useItem.minecraft.fence":79,"stat.useItem.minecraft.stone_slab":46,"stat.useItem.minecraft.ice":1,"achievement.openInventory":530,"stat.useItem.minecraft.barrier":377,"stat.useItem.minecraft.iron_block":25,"stat.mobKills":26,"stat.useItem.minecraft.wooden_pressure_plate":14,"stat.useItem.minecraft.stonebrick":926,"stat.useItem.minecraft.golden_apple":9,"stat.deaths":46,"stat.useItem.minecraft.cobblestone_wall":12,"stat.drop":4,"stat.playOneMinute":1664793,"stat.useItem.minecraft.ladder":23,"stat.diveOneCm":8962,"stat.useItem.minecraft.web":46}