{"stat.walkOneCm":363175,"stat.useItem.minecraft.quartz_block":19,"stat.useItem.minecraft.quartz_stairs":9,"stat.leaveGame":1,"stat.useItem.minecraft.diamond_sword":46,"stat.jump":1549,"stat.swimOneCm":3085,"stat.climbOneCm":15711,"stat.fallOneCm":35413,"stat.crouchOneCm":14464,"stat.sprintOneCm":194679,"achievement.exploreAllBiomes":{"value":0,"progress":["Plains"]},"achievement.openInventory":10,"stat.useItem.minecraft.barrier":11,"stat.damageTaken":10813,"stat.useItem.minecraft.slime":1,"stat.useItem.minecraft.golden_apple":17,"stat.flyOneCm":442075,"stat.deaths":50,"stat.drop":5,"stat.playOneMinute":72283,"stat.damageDealt":3970,"stat.timeSinceDeath":1946}