{"stat.walkOneCm":204757,"stat.killEntity.EntityHorse":1,"achievement.openInventory":16,"stat.horseOneCm":280439,"stat.useItem.minecraft.flint_and_steel":5,"stat.leaveGame":2,"stat.damageTaken":350,"stat.mobKills":1,"stat.useItem.minecraft.diamond_sword":2,"stat.useItem.minecraft.potion":76,"stat.flyOneCm":165473,"stat.deaths":3,"stat.useItem.minecraft.monster_egg":6,"stat.drop":1,"stat.jump":281,"stat.swimOneCm":125,"stat.playOneMinute":78179,"stat.climbOneCm":440,"stat.damageDealt":220,"stat.crouchOneCm":148,"stat.timeSinceDeath":841,"stat.sprintOneCm":66322,"stat.useItem.minecraft.sign":4,"stat.useItem.minecraft.spawn_egg":8,"achievement.exploreAllBiomes":{"value":0,"progress":["Plains"]}}