{"stat.walkOneCm":129744,"stat.useItem.minecraft.quartz_block":11,"stat.useItem.minecraft.stone":3,"stat.leaveGame":4,"stat.jump":340,"stat.swimOneCm":3445,"stat.fallOneCm":2860,"stat.climbOneCm":1724,"stat.crouchOneCm":1199,"stat.useItem.minecraft.dirt":2,"stat.sprintOneCm":33851,"stat.useItem.minecraft.diamond_block":103,"achievement.exploreAllBiomes":{"value":0,"progress":["Plains"]},"stat.useItem.minecraft.stone_slab":20,"achievement.openInventory":15,"stat.damageTaken":2640,"stat.useItem.minecraft.stonebrick":7,"stat.flyOneCm":544286,"stat.deaths":15,"stat.drop":1,"stat.playOneMinute":92406,"stat.timeSinceDeath":71681}