{"stat.flyOneCm":142830,"stat.walkOneCm":47845,"stat.jump":219,"stat.swimOneCm":5771,"stat.playOneMinute":100413,"stat.climbOneCm":5376,"achievement.openInventory":6,"stat.horseOneCm":66912,"stat.leaveGame":1,"stat.damageTaken":10,"stat.damageDealt":30,"stat.crouchOneCm":1428,"stat.timeSinceDeath":100413,"stat.useItem.minecraft.saddle":2,"stat.sprintOneCm":15737,"stat.useItem.minecraft.stonebrick":1,"stat.useItem.minecraft.spawn_egg":1,"achievement.exploreAllBiomes":{"value":0,"progress":["Plains"]}}