{"stat.useItem.minecraft.sticky_piston":2,"stat.useItem.minecraft.quartz_block":457,"stat.useItem.minecraft.painting":25,"stat.killEntity.EntityHorse":4,"stat.useItem.minecraft.stone":39,"stat.horseOneCm":588766,"stat.useItem.minecraft.repeater":21,"stat.useItem.minecraft.quartz_stairs":31,"stat.leaveGame":8,"stat.useItem.minecraft.beacon":3,"stat.useItem.minecraft.diamond_sword":7,"stat.useItem.minecraft.glowstone":46,"stat.useItem.minecraft.bedrock":16,"stat.jump":4932,"stat.swimOneCm":3343,"stat.useItem.minecraft.planks":48,"stat.climbOneCm":12577,"stat.fallOneCm":29762,"stat.crouchOneCm":219435,"stat.useItem.minecraft.redstone_torch":12,"stat.useItem.minecraft.dirt":168,"achievement.exploreAllBiomes":{"value":0,"progress":["Plains"]},"stat.useItem.minecraft.glass":27,"stat.useItem.minecraft.sapling":3,"stat.damageTaken":7485,"stat.useItem.minecraft.stone_brick_stairs":5,"stat.flyOneCm":3616019,"stat.mineBlock.minecraft.glass":2,"stat.damageDealt":4720,"stat.useItem.minecraft.wool":448,"stat.timeSinceDeath":7591,"stat.useItem.minecraft.sign":4,"stat.useItem.minecraft.spawn_egg":74,"stat.useItem.minecraft.command_block":10,"stat.walkOneCm":2357029,"stat.playerKills":17,"stat.useItem.minecraft.log":60,"stat.useItem.minecraft.comparator":5,"stat.useItem.minecraft.gravel":34,"stat.useItem.minecraft.redstone_block":12,"stat.useItem.minecraft.redstone":64,"stat.useItem.minecraft.spruce_stairs":35,"stat.useItem.minecraft.stained_hardened_clay":452,"stat.useItem.minecraft.leaves":1294,"stat.sprintOneCm":1054628,"stat.useItem.minecraft.hay_block":412,"stat.useItem.minecraft.fence":272,"stat.useItem.minecraft.stone_slab":127,"achievement.openInventory":130,"stat.craftItem.minecraft.planks":4,"stat.useItem.minecraft.barrier":148,"stat.useItem.minecraft.hopper":9,"stat.mobKills":4,"stat.useItem.minecraft.stonebrick":150,"stat.mineBlock.minecraft.log":1,"stat.useItem.minecraft.dye":219,"stat.useItem.minecraft.golden_apple":1,"stat.deaths":97,"stat.useItem.minecraft.cobblestone_wall":79,"stat.drop":4,"stat.playOneMinute":641930,"stat.useItem.minecraft.ladder":29,"stat.useItem.minecraft.baked_potato":2,"stat.useItem.minecraft.wooden_axe":55}