{"stat.walkOneCm":193289,"stat.useItem.minecraft.stone":265,"stat.leaveGame":1,"stat.useItem.minecraft.log":76,"stat.useItem.minecraft.beacon":9,"stat.useItem.minecraft.diamond_sword":6,"stat.useItem.minecraft.packed_ice":21,"stat.jump":1288,"stat.swimOneCm":870,"stat.fallOneCm":3020,"stat.climbOneCm":1391,"stat.crouchOneCm":7381,"stat.useItem.minecraft.dirt":15,"stat.sprintOneCm":121371,"stat.useItem.minecraft.stained_glass":22,"achievement.exploreAllBiomes":{"value":0,"progress":["Plains"]},"stat.useItem.minecraft.stone_slab":11,"achievement.openInventory":39,"stat.damageTaken":337,"stat.useItem.minecraft.iron_ore":5,"stat.useItem.minecraft.anvil":1,"stat.flyOneCm":538358,"stat.deaths":5,"stat.useItem.minecraft.cobblestone_wall":8,"stat.playOneMinute":54311,"stat.useItem.minecraft.ladder":1,"stat.damageDealt":660,"stat.timeSinceDeath":1011,"stat.diveOneCm":159}